<?xml version="1.0" encoding="UTF-8"?>
<!DOCTYPE hibernate-mapping PUBLIC "-//Hibernate/Hibernate Mapping DTD 3.0//EN" "http://www.hibernate.org/dtd/hibernate-mapping-3.0.dtd">
<!-- Generated Apr 14, 2014 8:11:33 PM by Hibernate Tools 3.6.0 -->
<hibernate-mapping>
    <class catalog="movies" name="com.movies.model.Candidate" table="candidates">
        <id name="id" type="java.lang.Integer">
            <column name="id"/>
            <generator class="identity"/>
        </id>
        <property name="userName" type="string">
            <column length="25" name="username" not-null="true" unique="true"/>
        </property>
        <property name="passWord" type="string">
            <column length="50" name="password" not-null="true"/>
        </property>
        <property name="email" type="string">
            <column length="40" name="email"/>
        </property>
        <property name="lastLogin" type="timestamp">
            <column length="19" name="last_login" not-null="true"/>
        </property>
        <property name="created" type="timestamp">
            <column length="19" name="created" not-null="true"/>
        </property>
        <property name="modified" type="timestamp">
            <column length="19" name="modified" not-null="true"/>
        </property>
    </class>
    <!--<query name="findCandidateByUserName">
        <![CDATA[from Candidates c where c.username = :userName]]>
    </query>-->
</hibernate-mapping>
